DISTRICT,DISTNAME,DPSTEXPA,DPSTKIDR,DPSTTENA,DPSTURNR
"'001902","CAYUGA ISD",16.7,12.3,9.9,19.1
"'001903","ELKHART ISD",13.5,11,7.6,13.9
"'001904","FRANKSTON ISD",12.8,10.8,5.1,21.6
"'001906","NECHES ISD",14.8,11.3,7.8,18.3
"'001907","PALESTINE ISD",12.7,12.9,7,17.9
"'001908","WESTWOOD ISD",10.3,11,3.6,30.6
"'001909","SLOCUM ISD",15.4,9.3,9.1,14.6
"'002901","ANDREWS ISD",13.8,14.4,7.3,11.5
"'003801","PINEYWOODS COMMUNITY ACADEMY",10.2,14.8,4.1,17
"'003902","HUDSON ISD",13.8,13.2,8.4,9.5
"'003903","LUFKIN ISD",11.5,12.3,8,16.4
"'003904","HUNTINGTON ISD",12.6,13,7.5,21.3
"'003905","DIBOLL ISD",11.9,12.7,7,16.5
"'003906","ZAVALLA ISD",15.1,9.3,7,21.2
"'003907","CENTRAL ISD",10.4,12.3,5.8,17.2
"'004901","ARANSAS COUNTY ISD",12.3,14.5,7.4,25.2
"'005901","ARCHER CITY ISD",14.8,10.4,9.5,13.2
"'005902","HOLLIDAY ISD",15.8,13.8,8.4,2.5
"'005904","WINDTHORST ISD",16.5,14.6,10.6,8.2
"'006902","CLAUDE ISD",13.7,10.3,7.6,26.4
"'007901","CHARLOTTE ISD",11.7,8.4,5.7,20.5
"'007902","JOURDANTON ISD",12.7,13.5,4.7,17
"'007904","LYTLE ISD",11.4,13.8,6.9,22
"'007905","PLEASANTON ISD",10.9,13.9,7.5,16.1
"'007906","POTEET ISD",10.8,13.4,5.3,18.7
"'008901","BELLVILLE ISD",13.3,13,7.4,21.5
"'008902","SEALY ISD",11,13.8,7.2,14.6
"'008903","BRAZOS ISD",13.5,12.8,6.4,31
"'009901","MULESHOE ISD",11.3,11.6,5.6,17.6
"'010901","MEDINA ISD",12.4,7,4.3,26.9
"'010902","BANDERA ISD",11.7,15.2,6,21.8
"'011901","BASTROP ISD",10.5,16.4,6,23.1
"'011902","ELGIN ISD",7.6,15.8,3.6,26.5
"'011904","SMITHVILLE ISD",11.7,13.9,7.2,22.4
"'011905","MCDADE ISD",10.4,10.1,4.4,40.4
"'012901","SEYMOUR ISD",14.5,11.7,8.9,5.9
"'013801","ST MARY'S ACADEMY CHARTER SCHOOL",13.5,16.5,6.4,20.2
"'013901","BEEVILLE ISD",10.1,15.7,7.1,22.7
"'013902","PAWNEE ISD",3.7,21.2,1.4,39.5
"'013903","PETTUS ISD",11.3,11.2,4.1,16.2
"'013905","SKIDMORE-TYNAN ISD",13.1,11.6,7.2,19.5
"'014801","RICHARD MILBURN ALTER HIGH SCHOOL - KILLEEN",10.5,24.9,3.7,25.3
"'014803","PRIORITY CHARTER SCHOOLS",9.4,13.2,2.7,37
"'014804","ORENDA CHARTER SCHOOL",9.4,17.2,3.3,25.8
"'014901","ACADEMY ISD",8.8,13.6,4.6,24.6
"'014902","BARTLETT ISD",16.4,11.9,3.8,32
"'014903","BELTON ISD",10.3,14.2,5.5,15.5
"'014905","HOLLAND ISD",16.3,10.7,9.3,12.3
"'014906","KILLEEN ISD",10.1,16.7,8,18.6
"'014907","ROGERS ISD",13,12.1,6.2,9.1
"'014908","SALADO ISD",13.5,14.8,5.8,20
"'014909","TEMPLE ISD",9.9,14,5.7,22.8
"'014910","TROY ISD",13.1,14.4,5.8,21.7
"'015801","POR VIDA ACADEMY",9.3,8.4,6.4,22.2
"'015802","GEORGE GERVIN ACADEMY",1.6,16.5,1.2,64.9
"'015805","NEW FRONTIERS PUBLIC SCHOOLS INC",6.5,16.2,4,80
"'015806","LEGACY TRADITIONAL SCHOOLS - TEXAS",7.9,10.8,3.4,46.7
"'015807","SOUTHWEST PREPARATORY SCHOOL",6.8,10.9,4,22.7
"'015808","INSPIRE ACADEMIES",9.8,15.7,3.3,32.9
"'015809","BEXAR COUNTY ACADEMY",8.2,13.2,2.6,66.5
"'015814","POSITIVE SOLUTIONS CHARTER SCHOOL",20.2,11.5,4.6,44.7
"'015815","HERITAGE ACADEMY",9.2,11.6,3.8,21.9
"'015822","JUBILEE ACADEMIES",2.2,17.2,2,41
"'015825","LIGHTHOUSE PUBLIC SCHOOLS",5.3,17.2,2.1,31.6
"'015827","SCHOOL OF SCIENCE AND TECHNOLOGY",5.1,14,1.7,26.5
"'015828","HARMONY PUBLIC SCHOOLS - SOUTH TEXAS",6.6,12.5,3.9,11.8
"'015830","BROOKS ACADEMIES OF TEXAS",5.9,16.3,1.8,32
"'015831","SCHOOL OF SCIENCE AND TECHNOLOGY DISCOVERY",4.2,14.5,2.1,22.5
"'015833","HENRY FORD ACADEMY ALAMEDA SCHOOL FOR ART + DESIGN",3.1,13.7,3.1,33.3
"'015834","BASIS TEXAS",.,.,.,.
"'015835","GREAT HEARTS TEXAS",2.5,17.6,1.5,33.1
"'015836","ELEANOR KOLITZ HEBREW LANGUAGE ACADEMY",5.6,14.4,2.7,20.6
"'015838","COMPASS ROSE PUBLIC SCHOOLS",1,16.1,0.3,31
"'015839","PROMESA ACADEMY CHARTER SCHOOL",5.8,9.7,1,40
"'015840","SAN ANTONIO PREPARATORY SCHOOLS",1.2,17.8,0,81.2
"'015841","THE GATHERING PLACE",4.5,17.4,0.3,66.1
"'015842","ROYAL PUBLIC SCHOOLS",0,7.1,0,.
"'015843","PRELUDE PREPARATORY CHARTER SCHOOL",0.8,5.2,0,.
"'015901","ALAMO HEIGHTS ISD",13.8,13.5,7.1,19.4
"'015904","HARLANDALE ISD",10.4,13.2,8.1,16.6
"'015905","EDGEWOOD ISD",10.2,15.9,7.5,23.7
"'015906","RANDOLPH FIELD ISD",13.6,14.4,6.5,25.7
"'015907","SAN ANTONIO ISD",8.8,14.5,6.5,19.1
"'015908","SOUTH SAN ANTONIO ISD",10.9,14.6,8.3,14.3
"'015909","SOMERSET ISD",10.6,15.3,6.6,18.5
"'015910","NORTH EAST ISD",10.5,14.9,7.8,14.4
"'015911","EAST CENTRAL ISD",9.3,17,5.5,22.6
"'015912","SOUTHWEST ISD",11.2,13.5,7.4,12.6
"'015913","LACKLAND ISD",14.2,10.1,8.1,10.1
"'015914","FT SAM HOUSTON ISD",13.2,12,6.7,11.6
"'015915","NORTHSIDE ISD",11.8,15,8.9,12.9
"'015916","JUDSON ISD",10.7,14.9,6.5,17.4
"'015917","SOUTHSIDE ISD",10.5,14.2,5.9,16.4
"'016901","JOHNSON CITY ISD",17.1,11.8,7.4,12.9
"'016902","BLANCO ISD",15.4,13.5,8.8,15
"'017901","BORDEN COUNTY ISD",17.6,10.5,6.6,4.1
"'018901","CLIFTON ISD",15,12.6,7.3,21.6
"'018902","MERIDIAN ISD",13,8.8,5.5,22.6
"'018903","MORGAN ISD",6.6,9,3.6,26.1
"'018904","VALLEY MILLS ISD",12.7,11.1,5.2,32.5
"'018905","WALNUT SPRINGS ISD",17.8,8.4,4.4,13.2
"'018906","IREDELL ISD",12,7.8,7.9,17.6
"'018907","KOPPERL ISD",13.6,10.2,5.7,19
"'018908","CRANFILLS GAP ISD",14.4,8.5,5.4,34.3
"'019901","DEKALB ISD",12.3,10.9,7,18.6
"'019902","HOOKS ISD",15.1,12.1,9.2,13.3
"'019903","MAUD ISD",14.1,12,7.6,23.8
"'019905","NEW BOSTON ISD",15.2,9.8,7.5,22.8
"'019906","REDWATER ISD",11.2,10.9,6.2,19.9
"'019907","TEXARKANA ISD",11.6,13,6.6,16.9
"'019908","LIBERTY-EYLAU ISD",13,10.8,7.2,27
"'019909","SIMMS ISD",15.9,9.7,7.9,11.1
"'019910","MALTA ISD",13,11.5,6.9,33.1
"'019911","RED LICK ISD",14.8,12.5,5.3,25
"'019912","PLEASANT GROVE ISD",12,13.1,6.6,18.3
"'019913","HUBBARD ISD",7.8,7.1,3.1,20.6
"'019914","LEARY ISD",10.8,9.5,6.7,9.1
"'020901","ALVIN ISD",10.8,14.9,6.4,12.8
"'020902","ANGLETON ISD",8.3,15,6.9,20.4
"'020904","DANBURY ISD",10,11.7,5.4,27.3
"'020905","BRAZOSPORT ISD",11.4,13.7,7.7,15.4
"'020906","SWEENY ISD",12.9,13.1,6.7,23.1
"'020907","COLUMBIA-BRAZORIA ISD",12.5,15.1,9.3,16.7
"'020908","PEARLAND ISD",11.8,16.1,7.4,12.8
"'020910","DAMON ISD",8.2,9.1,6.2,50
"'021803","BRAZOS SCHOOL FOR INQUIRY & CREATIVITY",8.9,14.7,2.5,44.2
"'021805","ARROW ACADEMY",10.6,16,3,49
"'021901","COLLEGE STATION ISD",12.5,14,7.4,14.2
"'021902","BRYAN ISD",10.3,13.5,6.5,18.9
"'022004","TERLINGUA CSD",11,7.9,5.5,8.9
"'022901","ALPINE ISD",14.7,11.9,8.2,18.2
"'022902","MARATHON ISD",13.6,4.8,4.1,18.9
"'022903","SAN VICENTE ISD",13.8,2.2,2,0
"'023902","SILVERTON ISD",12.6,9.4,5.3,11.9
"'024901","BROOKS COUNTY ISD",11.2,14.3,6.9,31.3
"'025901","BANGS ISD",11.7,11.6,4.9,14.8
"'025902","BROWNWOOD ISD",12.6,13.7,7.2,20.9
"'025904","BLANKET ISD",2.8,7.3,0.8,27.4
"'025905","MAY ISD",13.5,8.4,8.7,22
"'025906","ZEPHYR ISD",10.4,10.3,4,17.5
"'025908","BROOKESMITH ISD",14.5,9.7,4.7,37.7
"'025909","EARLY ISD",13,11.4,6.2,27.4
"'026901","CALDWELL ISD",11.2,13,7.6,21.7
"'026902","SOMERVILLE ISD",9.1,10.6,4.5,44.2
"'026903","SNOOK ISD",10.2,11.3,5,32.4
"'027903","BURNET CISD",12.7,14.7,5.6,19.1
"'027904","MARBLE FALLS ISD",11.9,13,6,22.7
"'028902","LOCKHART ISD",8.4,15.1,4.9,19.5
"'028903","LULING ISD",8.2,13.5,3.5,32.3
"'028906","PRAIRIE LEA ISD",11.4,11.3,5.9,22.3
"'029901","CALHOUN COUNTY ISD",14.9,13,9.8,11.8
"'030901","CROSS PLAINS ISD",15.9,10.5,6.8,19.6
"'030902","CLYDE CISD",15.3,12.9,7.8,20.4
"'030903","BAIRD ISD",12.5,10.2,5.1,31.5
"'030906","EULA ISD",13.4,9.7,7.4,17.2
"'031901","BROWNSVILLE ISD",15.5,14.4,14.8,8.9
"'031903","HARLINGEN CISD",11.7,14.2,9,14.6
"'031905","LA FERIA ISD",12.1,13.9,9.1,18.2
"'031906","LOS FRESNOS CISD",13.5,15.1,10.5,9.9
"'031909","POINT ISABEL ISD",12.5,15,9.2,17.3
"'031911","RIO HONDO ISD",11.8,14.1,9,21.7
"'031912","SAN BENITO CISD",12.7,14.6,9.8,12.8
"'031913","SANTA MARIA ISD",6.1,9.1,2.1,16.9
"'031914","SANTA ROSA ISD",11.2,11.1,8.1,34.7
"'031916","SOUTH TEXAS ISD",15.8,13.6,7.7,13.5
"'032902","PITTSBURG ISD",11.9,11.4,8.3,16.3
"'033901","GROOM ISD",11.1,7.7,6,23.5
"'033902","PANHANDLE ISD",14.2,11,5.9,16.9
"'033904","WHITE DEER ISD",13.1,10.4,6.7,18.7
"'034901","ATLANTA ISD",12,12.8,7.6,14.9
"'034902","AVINGER ISD",15.3,7.7,6.1,22.1
"'034903","HUGHES SPRINGS ISD",14,10.4,9.4,13.3
"'034905","LINDEN-KILDARE CISD",11.8,9.7,6.9,30.8
"'034906","MCLEOD ISD",13.9,11.3,10.2,11.1
"'034907","QUEEN CITY ISD",13.6,10.6,6.4,22
"'034909","BLOOMBURG ISD",11.6,9.8,6.8,12.5
"'035901","DIMMITT ISD",9.1,11.7,6,16.4
"'035902","HART ISD",8.3,11.4,5.7,41.6
"'035903","NAZARETH ISD",13.3,11.3,9.5,9.9
"'036901","ANAHUAC ISD",10,13.4,5.7,12.1
"'036902","BARBERS HILL ISD",14.4,13.7,6.4,8.8
"'036903","EAST CHAMBERS ISD",11,13.4,6.8,19.2
"'037901","ALTO ISD",11.9,10.5,4.7,35.9
"'037904","JACKSONVILLE ISD",12.5,13.5,7.6,16.6
"'037907","RUSK ISD",12.7,12.2,7.4,19.5
"'037908","NEW SUMMERFIELD ISD",12.8,11.3,5.9,25.2
"'037909","WELLS ISD",13.3,11.7,8.6,32.7
"'038901","CHILDRESS ISD",12.1,11.4,9,16.5
"'039902","HENRIETTA ISD",12.8,11.7,6.8,19.2
"'039903","PETROLIA CISD",11.8,10.9,4.2,43
"'039904","BELLEVUE ISD",14.5,9.5,8.1,11.6
"'039905","MIDWAY ISD",13.3,6.9,7.4,16.9
"'040901","MORTON ISD",15.5,9.2,5.6,22.3
"'040902","WHITEFACE CISD",14.6,9.6,7.2,28.1
"'041901","BRONTE ISD",16.3,8.4,10,19.4
"'041902","ROBERT LEE ISD",16.6,10.8,7.6,18.1
"'042901","COLEMAN ISD",13.6,11.5,8,15.2
"'042903","SANTA ANNA ISD",12.5,10.3,3.6,27.5
"'042905","PANTHER CREEK CISD",14.1,8.6,7.1,15.2
"'043801","IMAGINE INTERNATIONAL ACADEMY OF NORTH TEXAS",.,.,.,.
"'043802","LONE STAR LANGUAGE ACADEMY",1.7,24.3,0.7,0
"'043901","ALLEN ISD",12.1,15.9,7.3,16.8
"'043902","ANNA ISD",9.3,14.7,3.3,31.3
"'043903","CELINA ISD",12.5,14.7,5.3,22.4
"'043904","FARMERSVILLE ISD",12.4,16.3,5.4,16.5
"'043905","FRISCO ISD",10.5,14.9,5.8,14.9
"'043907","MCKINNEY ISD",12.4,14.2,7.7,15.1
"'043908","MELISSA ISD",10.7,17,3.2,19
"'043910","PLANO ISD",11.4,13.5,8.3,17.1
"'043911","PRINCETON ISD",9.8,15.8,4.4,22.8
"'043912","PROSPER ISD",10.7,15.2,3.1,14.5
"'043914","WYLIE ISD",11.4,16.1,6,15.5
"'043917","BLUE RIDGE ISD",11.5,13.7,4.5,23.1
"'043918","COMMUNITY ISD",10.2,17,2.8,32.7
"'043919","LOVEJOY ISD",12,15.2,5.1,21.9
"'044902","WELLINGTON ISD",15.6,10.2,9.5,7.4
"'045902","COLUMBUS ISD",12.5,13.4,7.8,16.2
"'045903","RICE CISD",14.3,12.3,6.5,20.2
"'045905","WEIMAR ISD",13.7,11.1,6.8,13.2
"'046802","TRINITY CHARTER SCHOOL",10.1,7.6,3.9,30.3
"'046901","NEW BRAUNFELS ISD",12,16.2,6.8,16.8
"'046902","COMAL ISD",11.5,15.9,5.2,16.6
"'047901","COMANCHE ISD",13.2,12,6.9,25.6
"'047902","DE LEON ISD",11.1,11.7,7.7,18.2
"'047903","GUSTINE ISD",8.7,7.9,2.2,49.1
"'047905","SIDNEY ISD",15,8.6,9.8,0
"'048901","EDEN CISD",13.1,10.9,2.4,21
"'048903","PAINT ROCK ISD",15.4,8.8,2.5,25.9
"'049901","GAINESVILLE ISD",9.4,15.9,5.2,33.5
"'049902","MUENSTER ISD",14,11.4,8.3,6.9
"'049903","VALLEY VIEW ISD",14,12.8,8.1,16
"'049905","CALLISBURG ISD",14.3,13.2,5.6,22.3
"'049906","ERA ISD",16.7,12.8,6.8,22
"'049907","LINDSAY ISD",13.9,11.6,5.1,28.9
"'049908","WALNUT BEND ISD",12.6,8.9,1.7,50
"'049909","SIVELLS BEND ISD",14.8,8.5,4.8,34
"'050901","EVANT ISD",9.7,11.6,3.6,60.6
"'050902","GATESVILLE ISD",12.3,13.5,7.2,13.4
"'050904","OGLESBY ISD",11.9,8.8,4.7,20.4
"'050909","JONESBORO ISD",12,13.3,3.7,12
"'050910","COPPERAS COVE ISD",7.7,14,5.4,28.2
"'051901","PADUCAH ISD",15.2,8.1,9.9,23.9
"'052901","CRANE ISD",15.5,13.9,7.6,23
"'053001","CROCKETT COUNTY CONSOLIDATED CSD",10.8,10.9,6.5,25.6
"'054901","CROSBYTON CISD",9.3,9.7,3.6,32.6
"'054902","LORENZO ISD",11.8,9.2,5.6,32.2
"'054903","RALLS ISD",11.2,10.4,5.5,18.4
"'055901","CULBERSON COUNTY-ALLAMOORE ISD",16.8,10.4,11.9,8.6
"'056901","DALHART ISD",12.1,13.3,7.9,18.1
"'056902","TEXLINE ISD",13.3,10,4.7,10.1
"'057802","PEGASUS SCHOOL OF LIBERAL ARTS AND SCIENCES",6.4,12.6,2.9,25.3
"'057803","UPLIFT EDUCATION",6.4,16,3,25.8
"'057804","TEXANS CAN ACADEMIES",5.8,19.5,3.6,33.5
"'057805","LUMIN EDUCATION",7,15,5,26.2
"'057806","ADVANTAGE ACADEMY",5.1,18.6,1.5,51.2
"'057807","LIFE SCHOOL",8,16.1,4.1,21.6
"'057808","UNIVERSAL ACADEMY",3.2,15.5,2.5,39
"'057809","NOVA ACADEMY",9.7,13.9,9.7,20
"'057810","ACADEMY OF DALLAS",2.7,14,0.5,45.8
"'057813","TRINITY BASIN PREPARATORY",4.9,14.4,2.1,36.2
"'057814","ACADEMY FOR ACADEMIC EXCELLENCE",16.3,5.8,9.8,12.5
"'057816","A W BROWN LEADERSHIP ACADEMY",9.7,15.1,4.2,35.1
"'057819","JEAN MASSIEU ACADEMY",8,15.4,4.2,21.2
"'057827","NOVA ACADEMY SOUTHEAST",4.7,13.6,4.7,44.6
"'057828","WINFREE ACADEMY CHARTER SCHOOLS",9.6,23.2,4.3,22.4
"'057829","A+ ACADEMY",8.9,18.8,2.4,38
"'057830","INSPIRED VISION ACADEMY",8.1,16.8,2.6,39.1
"'057831","GATEWAY CHARTER ACADEMY",6.2,17.7,1.7,43.3
"'057833","EDUCATION CENTER INTERNATIONAL ACADEMY",5.8,14,2.5,51.1
"'057834","EVOLUTION ACADEMY CHARTER SCHOOL",9.7,23,6.1,7
"'057835","GOLDEN RULE CHARTER SCHOOL",4.1,13.3,3,29.7
"'057836","ST ANTHONY SCHOOL",10.1,13.2,5.6,13
"'057839","LA ACADEMIA DE ESTRELLAS",8.8,16,5,21.2
"'057840","RICHLAND COLLEGIATE HIGH SCHOOL",0,-2,0,.
"'057841","CITYSCAPE SCHOOLS",5,22.4,1.9,17.6
"'057844","MANARA ACADEMY",7.5,15.9,2.8,60.6
"'057845","UME PREPARATORY ACADEMY",5.8,14,2.1,33
"'057846","LEGACY PREPARATORY",5,13.1,2.1,30.7
"'057847","VILLAGE TECH SCHOOLS",4.8,17.8,1.9,33.8
"'057848","INTERNATIONAL LEADERSHIP OF TEXAS (ILTEXAS)",4.8,14.9,2.2,25.4
"'057850","PIONEER TECHNOLOGY & ARTS ACADEMY",6.8,13.1,1.1,25.9
"'057851","BRIDGEWAY PREPARATORY ACADEMY",0.6,14.5,0.6,77.8
"'057903","CARROLLTON-FARMERS BRANCH ISD",9.2,13.6,6.1,17.9
"'057904","CEDAR HILL ISD",9,16.4,4.3,28.8
"'057905","DALLAS ISD",10.4,14.5,8.2,17.8
"'057906","DESOTO ISD",10.2,16.4,5.4,29.3
"'057907","DUNCANVILLE ISD",9.6,14.8,5.1,26.4
"'057909","GARLAND ISD",11.4,15.4,7.8,18.7
"'057910","GRAND PRAIRIE ISD",9,14.6,5.9,22.1
"'057911","HIGHLAND PARK ISD",12.9,14.7,6.9,17
"'057912","IRVING ISD",9.5,14.4,6.3,16.4
"'057913","LANCASTER ISD",12,15.8,5.7,21.4
"'057914","MESQUITE ISD",9.8,14.5,6.8,16.8
"'057916","RICHARDSON ISD",9.8,12.5,6,19.5
"'057919","SUNNYVALE ISD",12.8,14.4,5.1,14.7
"'057922","COPPELL ISD",10.7,15.3,6.4,15.8
"'058902","DAWSON ISD",9.4,12.5,1.4,67.8
"'058905","KLONDIKE ISD",13.9,10.7,9,16.5
"'058906","LAMESA ISD",9.1,12.7,5.7,25.3
"'058909","SANDS CISD",18,11.6,9.8,9.5
"'059901","HEREFORD ISD",11.2,14.3,8.7,25.6
"'059902","WALCOTT ISD",11.4,15.5,8.4,9.3
"'060902","COOPER ISD",9.7,12.3,6.2,18.3
"'060914","FANNINDEL ISD",10.8,8,5,32.3
"'061802","NORTH TEXAS COLLEGIATE ACADEMY",6.2,15.5,3.5,35.2
"'061804","LEADERSHIP PREP SCHOOL",9.6,19.3,7.5,23.5
"'061805","TRIVIUM ACADEMY",7.9,10.5,2.1,29.5
"'061901","DENTON ISD",11.2,13.2,7.2,14.2
"'061902","LEWISVILLE ISD",12.4,13.1,8.7,12.9
"'061903","PILOT POINT ISD",11.9,13,5,22.5
"'061905","KRUM ISD",11.2,13.1,5.6,17.2
"'061906","PONDER ISD",14.2,14.3,7.5,21.7
"'061907","AUBREY ISD",10.8,16.2,5.7,15.7
"'061908","SANGER ISD",12.5,14.6,6.8,18.3
"'061910","ARGYLE ISD",13.1,15.1,4.5,10.4
"'061911","NORTHWEST ISD",11.3,16.1,6,14.7
"'061912","LAKE DALLAS ISD",11.9,13.8,8.2,15.7
"'061914","LITTLE ELM ISD",10.3,16.1,5.3,22.5
"'062901","CUERO ISD",10.8,12,6.6,21.6
"'062902","NORDHEIM ISD",13.1,9.1,6.5,21.7
"'062903","YOAKUM ISD",14.6,10.1,7.2,11
"'062904","YORKTOWN ISD",13,10.9,5.4,23.4
"'062905","WESTHOFF ISD",18.1,9.2,9.1,13.8
"'062906","MEYERSVILLE ISD",18.1,11.6,5.2,16.9
"'063903","SPUR ISD",10.4,8.3,7.3,13.1
"'063906","PATTON SPRINGS ISD",13.6,8.2,7.7,17.2
"'064903","CARRIZO SPRINGS CISD",0,13.2,0,15.1
"'065901","CLARENDON ISD",15.8,9.6,10.5,13.6
"'065902","HEDLEY ISD",18.5,7.3,11.5,10.8
"'066005","RAMIREZ CSD",15,8.7,1.3,33.3
"'066901","BENAVIDES ISD",13.4,8.1,6.3,32.9
"'066902","SAN DIEGO ISD",11.7,15,6.6,23.9
"'066903","FREER ISD",10.8,12.7,6.2,23.5
"'067902","CISCO ISD",15.4,9.7,8.8,9.7
"'067903","EASTLAND ISD",14.5,11.8,8.2,12
"'067904","GORMAN ISD",13.4,8.1,5.2,21.6
"'067907","RANGER ISD",10,8.5,5.8,23.4
"'067908","RISING STAR ISD",13.2,9.7,3.9,16.1
"'068802","COMPASS ACADEMY CHARTER SCHOOL",12.1,16.7,3.3,22.1
"'068803","UTPB STEM ACADEMY",6.9,18,2,35.6
"'068901","ECTOR COUNTY ISD",11.1,17.4,8.6,22.1
"'069901","ROCKSPRINGS ISD",9.2,10.9,5.1,35.2
"'069902","NUECES CANYON CISD",8.7,9.4,5.4,28.5
"'070801","WAXAHACHIE FAITH FAMILY ACADEMY",8,18.8,4.1,30.7
"'070901","AVALON ISD",10.9,12.3,8.3,27.2
"'070903","ENNIS ISD",12.3,14,8,9.1
"'070905","FERRIS ISD",9.5,12.6,4.4,26.1
"'070907","ITALY ISD",12.2,11.6,5,16.6
"'070908","MIDLOTHIAN ISD",12.8,16.6,6.7,14.3
"'070909","MILFORD ISD",11.1,10.7,4.6,48.3
"'070910","PALMER ISD",10.8,13.9,5.6,22.1
"'070911","RED OAK ISD",11.4,15.9,6.4,21.8
"'070912","WAXAHACHIE ISD",12.5,14.1,6.7,16.4
"'070915","MAYPEARL ISD",12.2,13.6,4.7,24.3
"'071801","BURNHAM WOOD CHARTER SCHOOL DISTRICT",5.3,17.4,2.3,31.5
"'071803","TRIUMPH PUBLIC HIGH SCHOOLS-EL PASO",6.6,14.5,3.5,17.6
"'071804","EL PASO ACADEMY",7.6,19.1,4.9,24.5
"'071806","HARMONY PUBLIC SCHOOLS - WEST TEXAS",6.2,14.4,3.5,18.6
"'071807","LA FE PREPARATORY SCHOOL",4.1,10.6,3,16.7
"'071809","VISTA DEL FUTURO CHARTER SCHOOL",4.9,16.9,2.7,26.3
"'071810","EL PASO LEADERSHIP ACADEMY",2.2,10.6,0.8,42.9
"'071901","CLINT ISD",10.2,15.2,7.4,15.7
"'071902","EL PASO ISD",13.7,14.4,11.7,12.7
"'071903","FABENS ISD",11.9,13,9.9,11.3
"'071904","SAN ELIZARIO ISD",11.1,15.7,9.1,16.3
"'071905","YSLETA ISD",14.2,14.6,12.4,9.7
"'071906","ANTHONY ISD",8,13.2,4.8,18.3
"'071907","CANUTILLO ISD",12.2,14.7,9,12
"'071908","TORNILLO ISD",10.5,13.4,8,16.8
"'071909","SOCORRO ISD",11.6,16.2,9.3,9.9
"'072801","PREMIER HIGH SCHOOLS",6.9,19.7,3.2,36.4
"'072802","ERATH EXCELS ACADEMY INC",10.6,8.2,4.8,36
"'072901","THREE WAY ISD",7.3,11.7,3.2,50.2
"'072902","DUBLIN ISD",8.2,11.9,4.8,42.1
"'072903","STEPHENVILLE ISD",12.2,14,7.2,15.7
"'072904","BLUFF DALE ISD",8,11.1,0.8,52.1
"'072908","HUCKABAY ISD",8.7,12.4,2.4,42.8
"'072909","LINGLEVILLE ISD",10.2,9.2,5.4,14.8
"'072910","MORGAN MILL ISD",10,10.9,4.4,36.3
"'073901","CHILTON ISD",10,13.2,3.8,15.7
"'073903","MARLIN ISD",9,15,4.3,32.2
"'073904","WESTPHALIA ISD",17.5,10.5,6.2,27.7
"'073905","ROSEBUD-LOTT ISD",13.6,12,6.2,21.6
"'074903","BONHAM ISD",11.4,14.1,7.7,19.8
"'074904","DODD CITY ISD",20.3,11.9,14.9,14.1
"'074905","ECTOR ISD",12.5,9.3,7.6,8
"'074907","HONEY GROVE ISD",14.4,13.1,5.9,14.9
"'074909","LEONARD ISD",15.3,11.9,7.1,15.6
"'074911","SAVOY ISD",12.2,10.1,7.5,10.3
"'074912","TRENTON ISD",14.2,15.4,5.9,25.3
"'074917","SAM RAYBURN ISD",15.2,9.6,7.5,13.4
"'075901","FLATONIA ISD",16.3,12.1,8.9,7.3
"'075902","LA GRANGE ISD",11,13.1,7.3,16.2
"'075903","SCHULENBURG ISD",14.5,10.9,5.9,12.5
"'075906","FAYETTEVILLE ISD",10.9,10.5,5.8,12.8
"'075908","ROUND TOP-CARMINE ISD",11.7,9.4,8.1,0
"'076903","ROBY CISD",15.6,10.3,9,17.3
"'076904","ROTAN ISD",17.1,8.9,7,14.5
"'077901","FLOYDADA COLLEGIATE ISD",10.8,10.9,5.1,34.9
"'077902","LOCKNEY ISD",10.9,11,4.4,29.5
"'078901","CROWELL ISD",9.9,8.9,8.2,16
"'079901","LAMAR CISD",10.7,16.3,6.3,15.8
"'079906","NEEDVILLE ISD",15.4,15.1,8.9,12.4
"'079907","FORT BEND ISD",10.9,15.3,7.2,16
"'079910","STAFFORD MSD",9.9,14.5,4.4,25.1
"'080901","MOUNT VERNON ISD",13.1,12.9,7.1,17.4
"'081902","FAIRFIELD ISD",13.2,12.3,8.3,16.7
"'081904","TEAGUE ISD",13.1,12.6,6.9,22.5
"'081905","WORTHAM ISD",12,12.9,4.1,27.3
"'081906","DEW ISD",17.4,7,8.8,36.8
"'082902","DILLEY ISD",8.8,13.2,4.6,34.7
"'082903","PEARSALL ISD",9.7,14.5,6.1,27.6
"'083901","SEAGRAVES ISD",15.8,12.7,9,37.6
"'083902","LOOP ISD",16.1,8.6,10,28.5
"'083903","SEMINOLE ISD",14.2,12.4,7,22
"'084802","ODYSSEY ACADEMY INC",9.5,14.3,2.7,19.5
"'084804","AMBASSADORS PREPARATORY ACADEMY",5.1,10.5,2.2,56.5
"'084901","DICKINSON ISD",10.4,14.3,5.8,18.5
"'084902","GALVESTON ISD",10.9,13.2,6.4,22.1
"'084903","HIGH ISLAND ISD",16.9,8.7,5.3,6.1
"'084906","TEXAS CITY ISD",10.7,14.9,6,24.4
"'084908","HITCHCOCK ISD",9.5,15.6,4.5,21.7
"'084909","SANTA FE ISD",10.2,16.7,6.6,15.2
"'084910","CLEAR CREEK ISD",11.9,15.6,7.7,13.1
"'084911","FRIENDSWOOD ISD",13.5,15.8,8.8,13.5
"'085902","POST ISD",16,11.5,8.5,14.2
"'085903","SOUTHLAND ISD",8.7,6.7,2.1,31.3
"'086024","DOSS CONSOLIDATED CSD",10,8,3.7,0
"'086901","FREDERICKSBURG ISD",13.2,13.4,6.7,22.3
"'086902","HARPER ISD",15.4,11.1,8,4
"'087901","GLASSCOCK COUNTY ISD",13.5,8.7,5.5,8.9
"'088902","GOLIAD ISD",13.5,12.5,8.3,22.6
"'089901","GONZALES ISD",10.7,14.8,7.3,26.1
"'089903","NIXON-SMILEY CISD",12,12.1,6.2,22.1
"'089905","WAELDER ISD",9.6,9.6,3.1,13.6
"'090902","LEFORS ISD",9.4,9,3.3,22
"'090903","MCLEAN ISD",14.3,9.5,7.4,24.8
"'090904","PAMPA ISD",8.2,14.6,5.7,26.8
"'090905","GRANDVIEW-HOPKINS ISD",12.8,7.8,9.2,12.6
"'091901","BELLS ISD",15.4,11.9,6.7,13.7
"'091902","COLLINSVILLE ISD",13.3,11.6,4.5,26.6
"'091903","DENISON ISD",11.1,13.5,7.7,18.1
"'091905","HOWE ISD",14.2,13,6.5,15.1
"'091906","SHERMAN ISD",11.3,13.4,7,21.1
"'091907","TIOGA ISD",10.7,10.7,4.5,20.9
"'091908","VAN ALSTYNE ISD",10.6,14.3,4.7,18.8
"'091909","WHITESBORO ISD",12.9,15.7,8.6,17.2
"'091910","WHITEWRIGHT ISD",12.7,12.1,5.7,7.5
"'091913","POTTSBORO ISD",14.2,14,8.4,10.2
"'091914","S AND S CISD",12.6,12.9,5.3,23
"'091917","GUNTER ISD",12,11.2,5.2,24.4
"'091918","TOM BEAN ISD",14.5,11.1,8.1,14.3
"'092801","EAST TEXAS CHARTER SCHOOLS",17.5,10.9,6.2,7.1
"'092901","GLADEWATER ISD",14,11.7,6.5,20.8
"'092902","KILGORE ISD",12.5,14.3,7.5,21.8
"'092903","LONGVIEW ISD",13.1,13.3,7,15.9
"'092904","PINE TREE ISD",11,14.8,5.7,22.3
"'092906","SABINE ISD",13.6,13.2,5.8,13.7
"'092907","SPRING HILL ISD",14.1,13.6,6.4,21.3
"'092908","WHITE OAK ISD",14.5,11.8,8.4,10.8
"'093901","ANDERSON-SHIRO CISD",11.5,12.2,6,16.8
"'093903","IOLA ISD",12.7,10.4,4.9,18.4
"'093904","NAVASOTA ISD",7.6,12.4,5,20.7
"'093905","RICHARDS ISD",14.8,11.3,7.8,5.3
"'094901","SEGUIN ISD",8.5,14.5,5.7,23
"'094902","SCHERTZ-CIBOLO-U CITY ISD",13.2,16.1,8.1,13
"'094903","NAVARRO ISD",13.3,14.1,5.6,18.8
"'094904","MARION ISD",8.9,12,4.3,18.6
"'095901","ABERNATHY ISD",16.4,11.4,7.9,13.9
"'095902","COTTON CENTER ISD",16,7.1,8.2,0
"'095903","HALE CENTER ISD",13,11.2,4.8,25.5
"'095904","PETERSBURG ISD",12.7,9.3,3.2,28.4
"'095905","PLAINVIEW ISD",11.6,14,7.7,21.2
"'096904","MEMPHIS ISD",14.4,10,10.3,22.3
"'096905","TURKEY-QUITAQUE ISD",15.3,7.7,10.4,8.6
"'097902","HAMILTON ISD",17.8,10.2,10.4,7.7
"'097903","HICO ISD",11.4,10.6,5.8,18.8
"'098901","GRUVER ISD",14,9,7.3,20.4
"'098903","PRINGLE-MORSE CISD",16.3,8.5,11.8,8.3
"'098904","SPEARMAN ISD",12.3,9.7,6.5,15.4
"'099902","CHILLICOTHE ISD",15.4,9.5,9.5,9.2
"'099903","QUANAH ISD",14.3,8,6.6,19.3
"'100903","KOUNTZE ISD",12.7,12.7,8.5,19.2
"'100904","SILSBEE ISD",12.4,13.4,7.2,16.5
"'100905","HARDIN-JEFFERSON ISD",12.8,14.6,7.4,16.1
"'100907","LUMBERTON ISD",10.8,15.1,6,22.2
"'100908","WEST HARDIN COUNTY CISD",13.8,11.2,6.4,18.6
"'101802","SER-NINOS CHARTER SCHOOL",10.9,15.4,7,17.5
"'101803","ARISTOI CLASSICAL ACADEMY",6.3,15.7,1.7,26.9
"'101804","GEORGE I SANCHEZ CHARTER",6,14.3,2.9,35.7
"'101806","RAUL YZAGUIRRE SCHOOLS FOR SUCCESS",5,16,3.2,30.1
"'101810","ACADEMY OF ACCELERATED LEARNING INC",0,0.1,0,31.4
"'101811","EXCEL ACADEMY",18.5,8.7,8.8,17.9
"'101814","THE VARNETT PUBLIC SCHOOL",10,18.2,4,32.1
"'101815","ALIEF MONTESSORI COMMUNITY SCHOOL",7.7,18.2,6.4,0
"'101819","AMIGOS POR VIDA-FRIENDS FOR LIFE PUB CHTR SCH",5.2,16.9,3.1,22.7
"'101821","HOUSTON HEIGHTS HIGH SCHOOL",11.5,9.4,7.8,12
"'101828","HOUSTON GATEWAY ACADEMY INC",6.7,19.3,6.6,25
"'101837","CALVIN NELMS CHARTER SCHOOLS",16.3,17,8,7.7
"'101838","SOUTHWEST SCHOOL",8.8,16.8,3.3,46.2
"'101840","TWO DIMENSIONS PREPARATORY ACADEMY",4.5,20.1,3,43.7
"'101842","COMQUEST ACADEMY",13,13.8,12.7,0
"'101845","YES PREP PUBLIC SCHOOLS INC",3.3,17,2,25.8
"'101846","HARMONY PUBLIC SCHOOLS - HOUSTON SOUTH",7.1,14.1,3.7,22.2
"'101847","BEATRICE MAYES INSTITUTE CHARTER SCHOOL",11.5,14,8.7,18.8
"'101849","ACCELERATED INTERMEDIATE ACADEMY",6.8,17.8,4.6,33.3
"'101853","PROMISE COMMUNITY SCHOOL",5.8,17.1,2.9,32.6
"'101855","MEYERPARK ELEMENTARY",6.4,15.6,3.9,21.8
"'101856","DRAW ACADEMY",6.4,22.6,6,23.5
"'101858","HARMONY PUBLIC SCHOOLS - HOUSTON NORTH",6.9,14.2,3.3,21.4
"'101859","STEP CHARTER SCHOOL",7,14.2,3.8,19.5
"'101861","THE RHODES SCHOOL FOR PERFORMING ARTS",8,12.2,3.9,31
"'101862","HARMONY PUBLIC SCHOOLS - HOUSTON WEST",6.6,14.8,3.6,21
"'101864","THE LAWSON ACADEMY",7.2,14.3,2.6,53.6
"'101868","THE PRO-VISION ACADEMY",7.1,18.1,2.1,55.2
"'101870","BETA ACADEMY",3.8,21.1,1.5,43.9
"'101871","A+ UNLIMITED POTENTIAL",1.6,16.3,1.2,28.9
"'101872","ETOILE ACADEMY CHARTER SCHOOL",1.8,19.9,0.6,50.8
"'101873","YELLOWSTONE COLLEGE PREPARATORY",11.5,11.7,1.4,46
"'101874","LEGACY SCHOOL OF SPORT SCIENCES",4.4,12.5,3.5,33.6
"'101875","BLOOM ACADEMY CHARTER SCHOOL",1.4,16.4,0.2,66.7
"'101876","REVE PREPARATORY CHARTER SCHOOL",1.6,11,0.3,100
"'101877","ELEVATE COLLEGIATE CHARTER SCHOOL",2.5,13.7,0,.
"'101878","HOUSTON CLASSICAL CHARTER SCHOOL",1.2,13.4,0.3,33.3
"'101902","ALDINE ISD",9.7,15.6,7,19.9
"'101903","ALIEF ISD",11.5,12.8,8.9,13
"'101905","CHANNELVIEW ISD",8.8,15.8,6.4,14.6
"'101906","CROSBY ISD",10.3,15.5,5.7,12.7
"'101907","CYPRESS-FAIRBANKS ISD",10.7,15.2,7.8,14.3
"'101908","DEER PARK ISD",12.2,14.7,8.4,11.4
"'101910","GALENA PARK ISD",10.5,15.3,8.2,12.9
"'101911","GOOSE CREEK CISD",10.1,14.7,6.7,17.5
"'101912","HOUSTON ISD",11.3,18.2,8.3,22.4
"'101913","HUMBLE ISD",10.9,14.8,6.4,16.9
"'101914","KATY ISD",11.1,14.5,6.8,13.1
"'101915","KLEIN ISD",11.1,14.5,6.9,15.8
"'101916","LA PORTE ISD",12.3,15,7.8,15.5
"'101917","PASADENA ISD",10.4,12.9,8.2,13.5
"'101919","SPRING ISD",8.7,15.3,4.8,25
"'101920","SPRING BRANCH ISD",11.6,15.2,7.6,16.7
"'101921","TOMBALL ISD",11.3,15.9,5.4,15.2
"'101924","SHELDON ISD",8.5,16.8,4.7,21.7
"'101925","HUFFMAN ISD",11.1,15.6,6,19
"'102901","KARNACK ISD",13,12.2,4,22.4
"'102902","MARSHALL ISD",8.5,14.9,5.9,29.3
"'102903","WASKOM ISD",13.9,11.7,6.8,27.9
"'102904","HALLSVILLE ISD",12.5,-2,7.7,15.9
"'102905","HARLETON ISD",14.8,11.3,7.3,15.4
"'102906","ELYSIAN FIELDS ISD",13.8,10.9,7.8,15.3
"'103901","CHANNING ISD",10.9,8.1,6.5,11.1
"'103902","HARTLEY ISD",15.4,12.2,7.8,23.5
"'104901","HASKELL CISD",16.4,9.2,9.9,24.1
"'104903","RULE ISD",10.6,8.2,3.9,6.1
"'104907","PAINT CREEK ISD",11.2,5.4,3.8,20
"'105801","KATHERINE ANNE PORTER SCHOOL",9.4,6.2,3.1,45.9
"'105802","TEXAS PREPARATORY SCHOOL",1.2,6.8,1.2,58.1
"'105803","KI CHARTER ACADEMY",5.8,7,2.6,15.9
"'105902","SAN MARCOS CISD",9.9,14.2,6.4,18.2
"'105904","DRIPPING SPRINGS ISD",10.9,14.4,4.6,16.8
"'105905","WIMBERLEY ISD",13,14.3,7.4,13.8
"'105906","HAYS CISD",10.5,14.8,5.5,14.1
"'106901","CANADIAN ISD",16.5,10.1,9.3,8.2
"'107901","ATHENS ISD",10.6,14.9,4.7,20.7
"'107902","BROWNSBORO ISD",11.8,13.4,7.3,18.7
"'107904","CROSS ROADS ISD",12.4,10.2,5.4,13
"'107905","EUSTACE ISD",11.7,12.9,7.7,14.5
"'107906","MALAKOFF ISD",15.7,12,8.6,13.6
"'107907","TRINIDAD ISD",10.4,8.6,6.4,31.8
"'107908","MURCHISON ISD",13.1,9.4,7.4,15.1
"'107910","LAPOYNOR ISD",8.9,11.3,5.3,17.5
"'108802","HORIZON MONTESSORI PUBLIC SCHOOLS",2.8,15.3,2.1,44.8
"'108804","TRIUMPH PUBLIC HIGH SCHOOLS-RIO GRANDE VALLEY",3.4,16.9,1.8,25.5
"'108807","IDEA PUBLIC SCHOOLS",4.1,18.1,3.4,18.5
"'108808","VANGUARD ACADEMY",9.6,15.3,3.7,11.6
"'108809","EXCELLENCE IN LEADERSHIP ACADEMY",7.2,13.7,4,19
"'108902","DONNA ISD",11.5,13.4,9.7,10.8
"'108903","EDCOUCH-ELSA ISD",9.7,13.7,8.3,15.3
"'108904","EDINBURG CISD",14.8,14.1,11.8,7.8
"'108905","HIDALGO ISD",12.6,13.3,9,16.4
"'108906","MCALLEN ISD",13.8,13.5,10.6,14.2
"'108907","MERCEDES ISD",13.1,13.7,10.9,13.4
"'108908","MISSION CISD",13.2,14.6,10.3,12.3
"'108909","PHARR-SAN JUAN-ALAMO ISD",11.2,13.7,9.3,9
"'108910","PROGRESO ISD",10,13.2,7.6,13.8
"'108911","SHARYLAND ISD",14,15.1,9.4,11.8
"'108912","LA JOYA ISD",13.2,13.4,11.4,8.6
"'108913","WESLACO ISD",16.4,15,13.5,6.9
"'108914","LA VILLA ISD",9.3,11.7,5.2,27.3
"'108915","MONTE ALTO ISD",10,13.9,6.7,13.4
"'108916","VALLEY VIEW ISD",13.6,15.7,11,16.4
"'109901","ABBOTT ISD",14,12,7.7,15.9
"'109902","BYNUM ISD",11.5,9,1.4,51.2
"'109903","COVINGTON ISD",12.6,12.7,3.9,27.5
"'109904","HILLSBORO ISD",11.8,13.2,5.1,29.3
"'109905","HUBBARD ISD",8.5,11.5,5.2,25.3
"'109907","ITASCA ISD",10,11,4,25.8
"'109908","MALONE ISD",10.3,13.4,2.4,60.2
"'109910","MOUNT CALM ISD",10.5,10.6,3.6,32.1
"'109911","WHITNEY ISD",13.6,12.8,6.7,21
"'109912","AQUILLA ISD",10.3,11.8,4.9,20.2
"'109913","BLUM ISD",11,10.6,6.9,22.1
"'109914","PENELOPE ISD",13,9.9,5.6,20.1
"'110901","ANTON ISD",7.5,8.9,3.9,30.1
"'110902","LEVELLAND ISD",11.7,12.5,6.8,27.4
"'110905","ROPES ISD",15.6,10.7,7.3,24.6
"'110906","SMYER ISD",14.7,10,7.2,7.2
"'110907","SUNDOWN ISD",15.5,9.3,8.5,8.6
"'110908","WHITHARRAL ISD",14.8,13.3,6.9,22.8
"'111801","LAKE GRANBURY ACADEMY CHARTER SCHOOL",7.1,26.9,1.5,79.5
"'111901","GRANBURY ISD",11.3,14.4,5.9,19.5
"'111902","LIPAN ISD",11.7,11.5,5.8,12.9
"'111903","TOLAR ISD",13.9,12.9,6,21.6
"'112901","SULPHUR SPRINGS ISD",12,12,7,16
"'112905","CUMBY ISD",12.6,10.5,6.5,12.4
"'112906","NORTH HOPKINS ISD",13.9,11.5,6,14.9
"'112907","MILLER GROVE ISD",13.5,9.9,7.1,20.2
"'112908","COMO-PICKTON CISD",13.7,11.6,6.3,25.1
"'112909","SALTILLO ISD",16.7,9.5,9,7.6
"'112910","SULPHUR BLUFF ISD",11.4,9.1,4.7,16.7
"'113901","CROCKETT ISD",13.7,13.6,5.9,40.9
"'113902","GRAPELAND ISD",8.1,13.6,3,33.4
"'113903","LOVELADY ISD",13.6,10.1,7.8,17.7
"'113905","LATEXO ISD",14.4,11,0.5,27.8
"'113906","KENNARD ISD",11,11.1,4.9,30.5
"'114901","BIG SPRING ISD",8.6,13.5,6.2,22.6
"'114902","COAHOMA ISD",11.3,14.3,4.8,26.6
"'114904","FORSAN ISD",15.4,13.1,8.3,9.3
"'115901","FT HANCOCK ISD",12,11.3,10.2,5.7
"'115902","SIERRA BLANCA ISD",12.4,10.1,5.1,12.6
"'115903","DELL CITY ISD",15.2,7.6,2.9,34.1
"'116901","CADDO MILLS ISD",11.6,13.6,5.1,15.7
"'116902","CELESTE ISD",15.4,10.3,6.6,25.4
"'116903","COMMERCE ISD",10.9,11.2,4.3,27.5
"'116905","GREENVILLE ISD",8.3,13.4,5.3,23.1
"'116906","LONE OAK ISD",12.9,13.7,6.2,21.7
"'116908","QUINLAN ISD",10.1,14.7,4.5,30.1
"'116909","WOLFE CITY ISD",11.5,11.4,4.6,26.3
"'116910","CAMPBELL ISD",8.7,9.4,3.1,31.9
"'116915","BLAND ISD",13.7,12.5,6.4,21
"'116916","BOLES ISD",13.2,11.1,6.8,10.2
"'117901","BORGER ISD",11.5,14,8.6,18.3
"'117903","SANFORD-FRITCH ISD",13.7,11.4,8.4,18.8
"'117904","PLEMONS-STINNETT-PHILLIPS CISD",14.9,8.9,7.8,29.8
"'117907","SPRING CREEK ISD",8.2,8,1.7,39.3
"'118902","IRION COUNTY ISD",14.4,10.4,5.7,3.2
"'119901","BRYSON ISD",15.5,11.4,8.3,23.1
"'119902","JACKSBORO ISD",14.8,12.8,7.5,14.6
"'119903","PERRIN-WHITT CISD",16.2,10.6,5.6,18.8
"'120901","EDNA ISD",11.8,13.3,6.1,13.4
"'120902","GANADO ISD",9.7,12,5,31.1
"'120905","INDUSTRIAL ISD",14,11.8,7.6,15.8
"'121902","BROOKELAND ISD",15.8,9.4,9.1,12.7
"'121903","BUNA ISD",11.1,12.7,7.2,25.4
"'121904","JASPER ISD",13.3,13.5,7.4,19.3
"'121905","KIRBYVILLE CISD",12.6,13.4,7.3,22.6
"'121906","EVADALE ISD",14.1,9.7,7.5,26.2
"'122901","FT DAVIS ISD",17.5,9.3,8.4,25.8
"'122902","VALENTINE ISD",15.3,3.5,1.3,20.5
"'123803","TEKOA ACADEMY OF ACCELERATED STUDIES STEM SCHOOL",7.2,11.1,4.2,29
"'123805","EHRHART SCHOOL",7.4,13.3,3.1,34.6
"'123807","BOB HOPE SCHOOL",3.4,16.3,1.8,37.6
"'123905","NEDERLAND ISD",14.5,13.5,9.7,11.6
"'123907","PORT ARTHUR ISD",9.3,14.7,7.8,20.5
"'123908","PORT NECHES-GROVES ISD",15,14.5,10.2,9.5
"'123910","BEAUMONT ISD",10.4,16.5,8,25.5
"'123913","SABINE PASS ISD",9.3,10.7,5.8,6.6
"'123914","HAMSHIRE-FANNETT ISD",10.6,13.5,6.8,17.1
"'124901","JIM HOGG COUNTY ISD",14.1,12.3,8.3,6.3
"'125901","ALICE ISD",11.3,14.7,6.6,25.4
"'125902","BEN BOLT-PALITO BLANCO ISD",12.2,12.5,4,21.9
"'125903","ORANGE GROVE ISD",13.2,14.6,7.9,21.3
"'125905","PREMONT ISD",12.2,12.6,4.6,18.4
"'125906","LA GLORIA ISD",11,11.8,7.1,20
"'126901","ALVARADO ISD",10.8,15,6.1,20.9
"'126902","BURLESON ISD",10.4,15.4,5.9,17.1
"'126903","CLEBURNE ISD",12.8,13.7,7.4,13.8
"'126904","GRANDVIEW ISD",15.1,13,6.7,8.2
"'126905","JOSHUA ISD",12.4,14.3,7.1,20.4
"'126906","KEENE ISD",7.6,10.8,4.2,24.8
"'126907","RIO VISTA ISD",13.4,11.7,5.8,23.9
"'126908","VENUS ISD",9.5,13.2,4.1,21
"'126911","GODLEY ISD",11.2,13.3,4.7,21.7
"'127901","ANSON ISD",13.5,9.8,7,12.5
"'127903","HAMLIN COLLEGIATE ISD",6.9,13.6,3.2,45.9
"'127904","HAWLEY ISD",11.2,9.6,0,18.1
"'127905","LUEDERS-AVOCA ISD",11.5,5.4,4.4,29.6
"'127906","STAMFORD ISD",14.1,11,7,28.4
"'128901","KARNES CITY ISD",11.5,12.1,6.1,23.4
"'128902","KENEDY ISD",12.7,11.8,3.7,23
"'128903","RUNGE ISD",11.9,10.8,7,30.9
"'128904","FALLS CITY ISD",9.4,12.4,3.8,7.4
"'129901","CRANDALL ISD",9.5,15.9,3.7,23
"'129902","FORNEY ISD",8.7,16.5,4.2,22.6
"'129903","KAUFMAN ISD",13.3,15,7.3,19.7
"'129904","KEMP ISD",10.9,12.5,3.9,39.1
"'129905","MABANK ISD",10,14.3,5.9,22.1
"'129906","TERRELL ISD",9.4,16.5,4.5,32.9
"'129910","SCURRY-ROSSER ISD",12.6,13.5,5.7,20
"'130801","MEADOWLAND CHARTER DISTRICT",11.6,6.2,4.5,23.3
"'130901","BOERNE ISD",13.2,15.7,6.1,13.4
"'130902","COMFORT ISD",12.3,12.5,5,31.4
"'131001","KENEDY COUNTY WIDE CSD",22.3,9.3,10.2,0
"'132902","JAYTON-GIRARD ISD",15.8,8.2,7.6,4.5
"'133901","CENTER POINT ISD",14.2,12.6,5.2,34
"'133902","HUNT ISD",10.4,11.5,3.3,11.7
"'133903","KERRVILLE ISD",13.6,15.2,7.2,21.4
"'133904","INGRAM ISD",13.8,12.5,3.8,25.6
"'133905","DIVIDE ISD",4.5,16.3,2,28.6
"'134901","JUNCTION ISD",11.3,11.6,5.2,38.3
"'135001","GUTHRIE CSD",13,7,5,26.4
"'136901","BRACKETT ISD",16.9,9.5,6.6,25.5
"'137901","KINGSVILLE ISD",11.8,13.6,7.8,22.5
"'137902","RICARDO ISD",17.8,13.5,9.2,13
"'137903","RIVIERA ISD",11.7,12.2,5.7,27.9
"'137904","SANTA GERTRUDIS ISD",12.5,15.5,4.7,21.7
"'138902","KNOX CITY-O'BRIEN CISD",12.9,8.6,8,13.7
"'138903","MUNDAY CISD",15.4,9.9,10.4,20.4
"'138904","BENJAMIN ISD",20.8,9,9.5,6.7
"'139905","CHISUM ISD",15,11.9,8.4,1.1
"'139909","PARIS ISD",13.4,12.1,8.4,15.2
"'139911","NORTH LAMAR ISD",14.1,11.9,9.3,20.3
"'139912","PRAIRILAND ISD",13.8,12.9,8.3,9.5
"'140901","AMHERST ISD",10.4,6.5,4.6,5.3
"'140904","LITTLEFIELD ISD",14.4,12.7,9,16.4
"'140905","OLTON ISD",11.4,10.6,7.7,32.1
"'140907","SPRINGLAKE-EARTH ISD",17.1,8.9,9.2,16
"'140908","SUDAN ISD",15.1,10.8,5.9,14.2
"'141901","LAMPASAS ISD",12.1,13.5,7.3,17.1
"'141902","LOMETA ISD",12,11,5.9,17.4
"'142901","COTULLA ISD",11.6,10.6,7.4,19.1
"'143901","HALLETTSVILLE ISD",13.9,13.1,8.2,7.3
"'143902","MOULTON ISD",16.5,11.4,13.1,0.9
"'143903","SHINER ISD",17.5,13.3,9.8,11.1
"'143904","VYSEHRAD ISD",13.7,10.1,9.2,0
"'143905","SWEET HOME ISD",19.6,11,12,0
"'143906","EZZELL ISD",14.7,11.7,9.3,12.2
"'144901","GIDDINGS ISD",14,13,8.2,18
"'144902","LEXINGTON ISD",12.2,13.1,6.6,20.4
"'144903","DIME BOX ISD",9.8,11,3.9,41.6
"'145901","BUFFALO ISD",12.9,12.7,6.7,28.8
"'145902","CENTERVILLE ISD",14.9,11.3,9.2,16.4
"'145906","NORMANGEE ISD",13.8,11.8,5.6,10
"'145907","OAKWOOD ISD",10.1,10.9,3.2,23.9
"'145911","LEON ISD",18.9,12.3,9.9,19.7
"'146901","CLEVELAND ISD",6.3,17.1,3,24.7
"'146902","DAYTON ISD",8.3,15.6,5,24.6
"'146903","DEVERS ISD",14.5,17,8.4,0
"'146904","HARDIN ISD",13.1,13.3,7.5,33.4
"'146905","HULL-DAISETTA ISD",10.2,10.7,3.4,38.1
"'146906","LIBERTY ISD",12.1,16.3,7.5,14.8
"'146907","TARKINGTON ISD",12.7,13.3,7.9,25.2
"'147901","COOLIDGE ISD",16.8,9.9,7.2,20.1
"'147902","GROESBECK ISD",15.7,13.1,9.2,13
"'147903","MEXIA ISD",9.5,12,5.4,23.1
"'148901","BOOKER ISD",14.3,9.4,7.7,18.7
"'148902","FOLLETT ISD",11.3,8.9,5,13.6
"'148905","DARROUZETT ISD",12.6,8,4.9,9.3
"'149901","GEORGE WEST ISD",15.8,12.8,7.7,21
"'149902","THREE RIVERS ISD",14.2,9.7,8.5,7.2
"'150901","LLANO ISD",15,13.1,6.7,17
"'152504","TEXAS TECH UNIVERSITY K-12",.,.,.,.
"'152802","RISE ACADEMY",8.5,15.8,6.9,11.3
"'152803","TRIUMPH PUBLIC HIGH SCHOOLS-LUBBOCK",10.7,15.7,4.4,30.2
"'152806","BETTY M CONDRA SCHOOL FOR EDUCATION INNOVATION",13.7,11.2,1,28.6
"'152901","LUBBOCK ISD",10.4,13.3,7.7,18.3
"'152902","NEW DEAL ISD",13.1,12.4,8.8,13.8
"'152903","SLATON ISD",10.1,11,3.7,27.5
"'152906","LUBBOCK-COOPER ISD",11.1,13.2,4.8,13.7
"'152907","FRENSHIP ISD",12.9,15.6,6.5,13.4
"'152908","ROOSEVELT ISD",9.5,11.8,4.7,22.4
"'152909","SHALLOWATER ISD",14.8,13,7.7,19.9
"'152910","IDALOU ISD",15.5,12.3,8.3,12.1
"'153903","O'DONNELL ISD",17.6,8.6,8.8,11.1
"'153904","TAHOKA ISD",12.3,9.5,6.4,14.4
"'153905","NEW HOME ISD",10,11.8,5.5,13
"'153907","WILSON ISD",8.2,7.2,2.3,34.3
"'154901","MADISONVILLE CISD",13,13.4,8,16.6
"'154903","NORTH ZULCH ISD",11.8,10.8,6.3,25.8
"'155901","JEFFERSON ISD",13.9,10.7,8.8,22.1
"'156902","STANTON ISD",11.9,11.9,4.5,18.1
"'156905","GRADY ISD",12.7,11.1,3.5,19.3
"'157901","MASON ISD",16.4,11.1,9.4,11.7
"'158901","BAY CITY ISD",12.4,15.1,8.3,18.9
"'158902","TIDEHAVEN ISD",12.5,13.9,7.7,15
"'158904","MATAGORDA ISD",9,8.7,4.5,18.2
"'158905","PALACIOS ISD",11.8,13.5,7.5,18.6
"'158906","VAN VLECK ISD",13.2,13.9,5.8,20.3
"'159901","EAGLE PASS ISD",15.3,16.5,14.5,7
"'160901","BRADY ISD",12.8,12,5.6,31.7
"'160904","ROCHELLE ISD",11.7,9,4,26
"'160905","LOHN ISD",16.1,9.6,1.8,36.1
"'161801","WACO CHARTER SCHOOL",8.7,10.9,2.2,50
"'161802","RAPOPORT ACADEMY PUBLIC SCHOOL",5.6,10.4,3.2,25.2
"'161807","HARMONY PUBLIC SCHOOLS - NORTH TEXAS",7,14.1,3.4,20.4
"'161901","CRAWFORD ISD",17,10.4,9.5,8.6
"'161903","MIDWAY ISD",11.7,15.3,6.3,24
"'161906","LA VEGA ISD",12.6,15,6.9,16.4
"'161907","LORENA ISD",13.6,13.6,6.1,14.3
"'161908","MART ISD",12.1,12.4,6.4,17.7
"'161909","MCGREGOR ISD",16.9,13.5,8.7,18.8
"'161910","MOODY ISD",13.6,11,4.8,24.6
"'161912","RIESEL ISD",11.6,13.1,6,21.8
"'161914","WACO ISD",8.6,13.9,5.9,23.3
"'161916","WEST ISD",14.1,12.6,8,17.3
"'161918","AXTELL ISD",14.6,10.5,8.2,17.9
"'161919","BRUCEVILLE-EDDY ISD",16.4,8.8,8.9,15.7
"'161920","CHINA SPRING ISD",12.8,14.1,5.6,19.9
"'161921","CONNALLY ISD",9.7,12,4.1,27.1
"'161922","ROBINSON ISD",12.1,13.1,5.3,19.5
"'161923","BOSQUEVILLE ISD",16.1,11.5,6,13.4
"'161924","HALLSBURG ISD",22.9,13.7,9.8,8.1
"'161925","GHOLSON ISD",12.1,11,4.4,41.4
"'162904","MCMULLEN COUNTY ISD",19.3,10.8,8.1,7.8
"'163901","DEVINE ISD",14.7,14.7,9.5,16.9
"'163902","D'HANIS ISD",19,11.2,9.9,33
"'163903","NATALIA ISD",11.1,13.8,6,18.7
"'163904","HONDO ISD",11.3,12.6,7.5,20.2
"'163908","MEDINA VALLEY ISD",10.1,15.3,4.8,16.1
"'164901","MENARD ISD",11.1,11.4,4.2,18.5
"'165802","MIDLAND ACADEMY CHARTER SCHOOL",13.6,13,5.1,24.1
"'165901","MIDLAND ISD",11,17.1,7,18.8
"'165902","GREENWOOD ISD",12.8,14.7,5.6,15
"'166901","CAMERON ISD",11.1,14.1,7.2,32.8
"'166902","GAUSE ISD",14.1,11.1,10.9,6.7
"'166903","MILANO ISD",12.1,9.9,7.1,23.6
"'166904","ROCKDALE ISD",10.7,12.6,6.4,19
"'166905","THORNDALE ISD",15.2,10.9,8.8,15
"'166907","BUCKHOLTS ISD",7.9,9.1,0.6,56.7
"'167901","GOLDTHWAITE ISD",14.9,9.1,7.7,16.3
"'167902","MULLIN ISD",15.2,6.9,4.5,28.4
"'167904","PRIDDY ISD",16.1,8.1,7.3,6.5
"'168901","COLORADO ISD",13.7,12.9,7,15.8
"'168902","LORAINE ISD",14.2,7.7,3.9,33.6
"'168903","WESTBROOK ISD",18.9,13.5,9.8,25.2
"'169901","BOWIE ISD",12.8,13.1,6.4,18.9
"'169902","NOCONA ISD",13.2,10.7,7.3,13.2
"'169906","GOLD BURG ISD",16.9,9,7.5,19.6
"'169908","MONTAGUE ISD",15.2,11.4,7.2,12.1
"'169909","PRAIRIE VALLEY ISD",18.6,8.9,10.3,6.2
"'169910","FORESTBURG ISD",9.4,8.7,3,11.7
"'169911","SAINT JO ISD",12.3,11,6.4,5.3
"'170801","TEXAS SERENITY ACADEMY",3,12.4,2.8,69.8
"'170902","CONROE ISD",11.2,15.9,6.8,13.9
"'170903","MONTGOMERY ISD",13.8,16,7,12.9
"'170904","WILLIS ISD",10.5,17.5,5.5,22.6
"'170906","MAGNOLIA ISD",9.7,15.1,5,21.2
"'170907","SPLENDORA ISD",9.9,14.6,5.2,21.9
"'170908","NEW CANEY ISD",9.7,15.8,4.9,18.9
"'171901","DUMAS ISD",11.5,13.2,8.7,16.1
"'171902","SUNRAY COLLEGIATE ISD",9.7,10,5.2,34.2
"'172902","DAINGERFIELD-LONE STAR ISD",18.2,10.9,13,27.7
"'172905","PEWITT CISD",12.2,11.2,6.7,30.7
"'173901","MOTLEY COUNTY ISD",12.4,8.8,6.7,28.6
"'174801","STEPHEN F AUSTIN STATE UNIVERSITY CHARTER SCHOOL",8.6,15.1,5,20.4
"'174901","CHIRENO ISD",16.6,11.2,7.1,25.4
"'174902","CUSHING ISD",13.6,12.9,6.6,10.1
"'174903","GARRISON ISD",16.2,13.7,8.5,27
"'174904","NACOGDOCHES ISD",9.7,13.3,5.7,24.5
"'174906","WODEN ISD",14.7,11.5,8.5,10.6
"'174908","CENTRAL HEIGHTS ISD",14.1,11.6,8,14.8
"'174909","MARTINSVILLE ISD",14.2,10.3,7.8,9.1
"'174910","ETOILE ISD",12.6,8,3.9,16.7
"'174911","DOUGLASS ISD",15.6,11.2,9.2,14.3
"'175902","BLOOMING GROVE ISD",11.4,12,5.3,36
"'175903","CORSICANA ISD",11.4,14.9,6.8,20.9
"'175904","DAWSON ISD",10.3,12,7.2,25.6
"'175905","FROST ISD",9.6,10.9,6.5,16.3
"'175907","KERENS ISD",13,10.3,5.9,29
"'175910","MILDRED ISD",13.9,14.1,5.8,10.7
"'175911","RICE ISD",6.7,13.3,2.8,29.5
"'176901","BURKEVILLE ISD",10.7,9.8,6.2,42.9
"'176902","NEWTON ISD",11.3,10.2,6.7,18.5
"'176903","DEWEYVILLE ISD",17.6,10.5,12.1,18.6
"'177901","ROSCOE COLLEGIATE ISD",11.5,-2,4.4,30.2
"'177902","SWEETWATER ISD",11.9,13.2,6.5,38.6
"'177903","BLACKWELL CISD",14,7,8,15.8
"'177905","HIGHLAND ISD",14.7,9.8,8.2,4.5
"'178801","DR M L GARZA-GONZALEZ CHARTER SCHOOL",7.7,11.5,4.7,37.9
"'178807","CORPUS CHRISTI MONTESSORI SCHOOL",13.7,12.7,4.9,26.2
"'178808","SEASHORE CHARTER SCHOOLS",8.4,13.2,5.7,23.8
"'178901","AGUA DULCE ISD",13.7,11.8,5.7,18.1
"'178902","BISHOP CISD",14.3,13.4,7.9,12.5
"'178903","CALALLEN ISD",12,13.3,7.4,14.3
"'178904","CORPUS CHRISTI ISD",12.2,15.4,9.3,16.1
"'178905","DRISCOLL ISD",16.1,11.7,12.3,15.9
"'178906","LONDON ISD",12.6,16.7,4.7,24.3
"'178908","PORT ARANSAS ISD",17.4,11,7.4,13.4
"'178909","ROBSTOWN ISD",14.1,15.2,9.4,29.6
"'178912","TULOSO-MIDWAY ISD",12.4,14.1,6.6,29.6
"'178913","BANQUETE ISD",13.1,10.5,6.5,12.3
"'178914","FLOUR BLUFF ISD",12.7,15.4,8.2,13.9
"'178915","WEST OSO ISD",9.7,12.9,7,16.3
"'179901","PERRYTON ISD",15.4,13,10.9,19.6
"'180901","BOYS RANCH ISD",12.8,3.6,6.1,16.5
"'180902","VEGA ISD",13.4,8.1,7.1,16.7
"'180903","ADRIAN ISD",11.6,6.2,4.3,18.1
"'180904","WILDORADO ISD",10,11.5,3.2,24.8
"'181901","BRIDGE CITY ISD",10.8,16.1,6.8,17.4
"'181905","ORANGEFIELD ISD",12.9,14,7.5,11.3
"'181906","WEST ORANGE-COVE CISD",9.7,14.8,6.3,30.9
"'181907","VIDOR ISD",13,13.8,8.9,19.1
"'181908","LITTLE CYPRESS-MAURICEVILLE CISD",11.6,13.2,7.3,16.8
"'182901","GORDON ISD",9.3,13.4,3.3,24.1
"'182902","GRAFORD ISD",16.4,10.7,8.6,31.3
"'182903","MINERAL WELLS ISD",12,13.2,6.5,16.6
"'182904","SANTO ISD",11.7,12,6,20.6
"'182905","STRAWN ISD",16.5,9.2,8.9,12.3
"'182906","PALO PINTO ISD",12.3,7.8,6.1,9.1
"'183801","PANOLA CHARTER SCHOOL",15.4,26.3,2.9,25
"'183901","BECKVILLE ISD",15.9,10.6,8.5,18.8
"'183902","CARTHAGE ISD",14.7,14,10,10.6
"'183904","GARY ISD",12.4,11.6,6.6,21.3
"'184801","CROSSTIMBERS ACADEMY",13.8,16.7,5.1,33.3
"'184901","POOLVILLE ISD",14,10.6,6,11.5
"'184902","SPRINGTOWN ISD",0,13.8,0,13.7
"'184903","WEATHERFORD ISD",12,14,5.5,23.7
"'184904","MILLSAP ISD",10.9,12.4,4.2,20.9
"'184907","ALEDO ISD",11.7,16.4,5.3,16.2
"'184908","PEASTER ISD",12.9,13.4,3.7,32.7
"'184909","BROCK ISD",15,13.7,4.7,20.7
"'184911","GARNER ISD",13.5,11.5,5.3,17.6
"'185901","BOVINA ISD",16.3,10.3,5.7,13.7
"'185902","FARWELL ISD",15.6,9.7,6.7,12.4
"'185903","FRIONA ISD",12.3,10.4,7.9,18
"'185904","LAZBUDDIE ISD",10.6,8.8,3.8,26.3
"'186901","BUENA VISTA ISD",6,12,3.1,29.8
"'186902","FORT STOCKTON ISD",10.1,13.8,7,23
"'186903","IRAAN-SHEFFIELD ISD",9.3,11.1,2.9,39.7
"'187901","BIG SANDY ISD",17.5,12.4,10.3,14.8
"'187903","GOODRICH ISD",13.6,14.5,6.6,67
"'187904","CORRIGAN-CAMDEN ISD",12.6,12.4,6.4,17.7
"'187906","LEGGETT ISD",7.9,11.8,4,25
"'187907","LIVINGSTON ISD",11.7,16.2,6.1,27
"'187910","ONALASKA ISD",11.2,14,5.4,22.8
"'188901","AMARILLO ISD",11.8,13.8,9.5,13.1
"'188902","RIVER ROAD ISD",9.5,12.6,4.1,33.1
"'188903","HIGHLAND PARK ISD",11,12.7,6.1,24.6
"'188904","BUSHLAND ISD",15.2,12.8,7,12.2
"'189901","MARFA ISD",14,8.8,5.4,20
"'189902","PRESIDIO ISD",11.3,14.4,8.1,17.3
"'190903","RAINS ISD",12.3,12.5,5.9,30.8
"'191901","CANYON ISD",10.5,16.1,7.3,12.9
"'192901","REAGAN COUNTY ISD",11.1,9.7,6.7,20.4
"'193801","BIG SPRINGS CHARTER SCHOOL",8.2,8.1,3.9,4.6
"'193902","LEAKEY ISD",16.2,13.4,4.9,22.7
"'194902","AVERY ISD",12.1,10.8,9.7,14.9
"'194903","RIVERCREST ISD",15.1,9.8,8.3,19.1
"'194904","CLARKSVILLE ISD",12.6,11,6.7,19.2
"'194905","DETROIT ISD",14.5,10.5,6.5,28.8
"'195901","PECOS-BARSTOW-TOYAH ISD",11.2,13.7,7.1,26.7
"'195902","BALMORHEA ISD",19.2,7.4,9.7,10.5
"'196901","AUSTWELL-TIVOLI ISD",8.8,6,4.5,29.1
"'196902","WOODSBORO ISD",14.7,10.4,10,16.7
"'196903","REFUGIO ISD",14.5,11.7,8.4,18.1
"'197902","MIAMI ISD",9.8,8.5,4.8,31.2
"'198901","BREMOND ISD",16.7,11.1,9.3,7.3
"'198902","CALVERT ISD",11.3,8,5.9,30.7
"'198903","FRANKLIN ISD",14,12,7.6,10.4
"'198905","HEARNE ISD",9.4,10.7,3.6,27.2
"'198906","MUMFORD ISD",12.9,14.9,6.1,10
"'199901","ROCKWALL ISD",12.5,16.6,6.7,15.4
"'199902","ROYSE CITY ISD",10.2,15.2,4.6,15.5
"'200901","BALLINGER ISD",14.9,11.1,7.9,17.2
"'200902","MILES ISD",14.2,11.2,5.3,18.3
"'200904","WINTERS ISD",11.2,10.5,6.4,27.4
"'200906","OLFEN ISD",8.9,10.5,6.5,46.1
"'201902","HENDERSON ISD",10.4,15.4,5.7,22.4
"'201903","LANEVILLE ISD",12.8,9.4,6.9,21.2
"'201904","LEVERETTS CHAPEL ISD",21.9,9.6,11.7,9.6
"'201907","MOUNT ENTERPRISE ISD",12.6,11.4,4.7,25.1
"'201908","OVERTON ISD",17.5,9.4,5.9,20.5
"'201910","TATUM ISD",14,13.8,6.6,16.3
"'201913","CARLISLE ISD",12.6,10.1,4.6,23.5
"'201914","WEST RUSK COUNTY CONSOLIDATED ISD",15.4,13.4,8.7,13.1
"'202903","HEMPHILL ISD",17,11.1,7.6,19.7
"'202905","WEST SABINE ISD",15.6,11,9.8,15.8
"'203901","SAN AUGUSTINE ISD",12.9,11.1,6.1,25.3
"'203902","BROADDUS ISD",14.3,9.9,4.5,30
"'204901","COLDSPRING-OAKHURST CISD",11.5,13.8,5.9,29.5
"'204904","SHEPHERD ISD",9.3,16.2,4.5,42.2
"'205901","ARANSAS PASS ISD",13.1,14.6,8.5,20.7
"'205902","GREGORY-PORTLAND ISD",13.8,13.8,7.4,14.3
"'205903","INGLESIDE ISD",11,14.8,6.8,25.2
"'205904","MATHIS ISD",11.8,12,6.7,15.2
"'205905","ODEM-EDROY ISD",9.3,12,5.2,30.1
"'205906","SINTON ISD",11.3,12.8,7.2,15.3
"'205907","TAFT ISD",11.6,12.5,7.4,33.5
"'206901","SAN SABA ISD",13.9,10.5,5,24.1
"'206902","RICHLAND SPRINGS ISD",18.7,8.8,7.5,12.8
"'206903","CHEROKEE ISD",11.8,7.2,3.1,31.6
"'207901","SCHLEICHER ISD",13.6,9.4,8,14.5
"'208901","HERMLEIGH ISD",11.1,12.5,4,36.3
"'208902","SNYDER ISD",9.7,12.3,5.8,22.5
"'208903","IRA ISD",16.1,12.9,0,14.5
"'209901","ALBANY ISD",17.8,12.1,11.2,19
"'209902","MORAN ISD",13,8,6.6,15.3
"'210901","CENTER ISD",12.3,13.1,6.9,28.4
"'210902","JOAQUIN ISD",14.9,12.5,10.1,11.2
"'210903","SHELBYVILLE ISD",14,12,9.1,15.9
"'210904","TENAHA ISD",18.1,12,7.6,13.8
"'210905","TIMPSON ISD",11.8,10.9,6,22.5
"'210906","EXCELSIOR ISD",18.1,6.9,9.3,32.5
"'211901","TEXHOMA ISD",14.2,10,6.5,5.2
"'211902","STRATFORD ISD",13.8,10.7,7.4,27.6
"'212801","CUMBERLAND ACADEMY",7.3,11.9,2.7,27.8
"'212804","UT TYLER UNIVERSITY ACADEMY",8.3,14.9,3,17.2
"'212901","ARP ISD",14.3,11.4,8.3,12.7
"'212902","BULLARD ISD",14.5,13.7,6.8,15.7
"'212903","LINDALE ISD",13.4,14,7.5,12.8
"'212904","TROUP ISD",15.3,11.9,8.1,12.5
"'212905","TYLER ISD",10.1,14.6,6.1,22.7
"'212906","WHITEHOUSE ISD",12.6,13.9,6.6,18.9
"'212909","CHAPEL HILL ISD",10.6,13.7,5.1,27.9
"'212910","WINONA ISD",13.2,11,5.1,27.3
"'213801","BRAZOS RIVER CHARTER SCHOOL",13.6,9.7,4.8,17.2
"'213901","GLEN ROSE ISD",15.1,13.7,7.7,15.6
"'214901","RIO GRANDE CITY GRULLA ISD",12.9,12.2,12.4,17.3
"'214902","SAN ISIDRO ISD",5.9,9.5,4.6,10
"'214903","ROMA ISD",11.9,13.4,11.2,12.1
"'215901","BRECKENRIDGE ISD",12.8,13.4,5.5,20
"'216901","STERLING CITY ISD",15.3,12,8.8,3.4
"'217901","ASPERMONT ISD",8.3,8,4.4,4.9
"'218901","SONORA ISD",13.8,10.3,8.4,30.1
"'219901","HAPPY ISD",15.2,10.1,8.2,18.9
"'219903","TULIA ISD",8.5,10.8,3.8,32.4
"'219905","KRESS ISD",10.1,9.6,4.8,23.1
"'220801","TREETOPS SCHOOL INTERNATIONAL",14.3,10.4,7.8,12.9
"'220802","ARLINGTON CLASSICS ACADEMY",13.6,15.8,4.9,21.4
"'220809","FORT WORTH ACADEMY OF FINE ARTS",11.7,12.9,4.6,15.3
"'220810","WESTLAKE ACADEMY CHARTER SCHOOL",10.2,14.4,4.4,28.5
"'220811","EAST FORT WORTH MONTESSORI ACADEMY",5.5,14.2,3.9,42.1
"'220814","TEXAS SCHOOL OF THE ARTS",6.2,11.3,3.4,26.1
"'220815","CHAPEL HILL ACADEMY",5.1,15.4,2.9,50
"'220817","NEWMAN INTERNATIONAL ACADEMY OF ARLINGTON",0.1,13.2,0,33.9
"'220819","HIGH POINT ACADEMY",5.9,11.6,2,36.5
"'220901","ARLINGTON ISD",11.3,14.2,8,16.8
"'220902","BIRDVILLE ISD",11.6,14.8,7.8,15.8
"'220904","EVERMAN ISD",9.6,13.6,5,27.5
"'220905","FORT WORTH ISD",11.7,14.7,8.9,17.6
"'220906","GRAPEVINE-COLLEYVILLE ISD",12,14,6.8,17.3
"'220907","KELLER ISD",12,13.9,7,14.6
"'220908","MANSFIELD ISD",12.4,14.9,7.6,13.3
"'220910","LAKE WORTH ISD",9,14.2,3.6,28.5
"'220912","CROWLEY ISD",9.6,13.7,4.7,20.8
"'220914","KENNEDALE ISD",13.6,14.1,6.6,19
"'220915","AZLE ISD",11.9,15.1,7,15.5
"'220916","HURST-EULESS-BEDFORD ISD",12.3,15.9,7.8,14.8
"'220917","CASTLEBERRY ISD",8.2,15.1,3.7,24.8
"'220918","EAGLE MT-SAGINAW ISD",12.4,15.7,6.2,14.5
"'220919","CARROLL ISD",12.7,14.7,7.7,14.3
"'220920","WHITE SETTLEMENT ISD",11,15.8,6,15.2
"'221801","TEXAS COLLEGE PREPARATORY ACADEMIES",5.1,14.2,2.7,33.3
"'221901","ABILENE ISD",11.7,14.2,8.3,18.3
"'221904","MERKEL ISD",11.4,11.3,4.8,32.4
"'221905","TRENT ISD",7.6,7.7,2.6,27.8
"'221911","JIM NED CISD",12.9,14.3,5.1,16.1
"'221912","WYLIE ISD",10.8,15.2,6.8,15.7
"'222901","TERRELL COUNTY ISD",11.7,9.1,8.4,16
"'223901","BROWNFIELD ISD",10,12.4,5.8,22.9
"'223902","MEADOW ISD",10.9,8.8,6,14.2
"'223904","WELLMAN-UNION CISD",9.5,11,2.9,30.3
"'224901","THROCKMORTON COLLEGIATE ISD",8.5,8,3.5,25.9
"'224902","WOODSON ISD",18.3,10.3,9.3,11.9
"'225902","MOUNT PLEASANT ISD",12.1,12.8,8.9,15.3
"'225906","CHAPEL HILL ISD",11.6,13,5.9,15.3
"'225907","HARTS BLUFF ISD",11.7,13.1,5.8,14.2
"'226801","TEXAS LEADERSHIP PUBLIC SCHOOLS",8,13.9,1.9,35.5
"'226901","CHRISTOVAL ISD",12.1,10.5,7.2,17.5
"'226903","SAN ANGELO ISD",11.1,15.1,8.1,18.4
"'226905","WATER VALLEY ISD",16.5,11.1,5.8,15.5
"'226906","WALL ISD",15.7,10.6,8.5,7.8
"'226907","GRAPE CREEK ISD",9.4,12,5.2,24
"'226908","VERIBEST ISD",12.7,12,5.5,25.8
"'227506","UNIVERSITY OF TEXAS AT AUSTIN H S",20.1,-2,3.8,3.3
"'227803","WAYSIDE SCHOOLS",5.8,13.5,2.5,42.7
"'227804","NYOS CHARTER SCHOOL",8.2,12.8,4.5,17.9
"'227805","TEXAS EMPOWERMENT ACADEMY",5.3,14.9,4.1,36.3
"'227806","UNIVERSITY OF TEXAS UNIVERSITY CHARTER SCHOOL",14.7,7.8,5,24.6
"'227814","CHAPARRAL STAR ACADEMY",11.9,13.6,7.8,7.2
"'227816","HARMONY PUBLIC SCHOOLS - CENTRAL TEXAS",6.2,13.1,3.5,16.2
"'227817","CEDARS INTERNATIONAL ACADEMY",9.7,10.9,3.5,21.4
"'227819","UNIVERSITY OF TEXAS ELEMENTARY CHARTER SCHOOL",11.3,12.6,2.7,16.7
"'227820","KIPP TEXAS PUBLIC SCHOOLS",4.3,20.4,2.4,34.8
"'227821","AUSTIN DISCOVERY SCHOOL",7.4,11.6,3.3,36.8
"'227824","VALERE PUBLIC SCHOOLS",8.4,17.1,3.4,7.3
"'227825","AUSTIN ACHIEVE PUBLIC SCHOOLS",3.6,15.3,1.3,25.9
"'227826","MONTESSORI FOR ALL",8.4,18.6,3.9,20.1
"'227827","THE EXCEL CENTER - FOR ADULTS",6.7,17.5,2.6,21.1
"'227829","VALOR PUBLIC SCHOOLS",4.8,17,1,26
"'227901","AUSTIN ISD",10.4,13.8,7.9,18.1
"'227904","PFLUGERVILLE ISD",11.1,13.7,6.1,19.1
"'227907","MANOR ISD",7.1,14.9,3.8,30
"'227909","EANES ISD",12,13,7.4,20.7
"'227910","DEL VALLE ISD",7.8,14.1,5.9,21.2
"'227912","LAGO VISTA ISD",13.4,15,5.4,17.9
"'227913","LAKE TRAVIS ISD",10.4,16.3,5.8,20.2
"'228901","GROVETON ISD",13.8,11.9,9.1,18
"'228903","TRINITY ISD",8.2,12,4.1,22.9
"'228904","CENTERVILLE ISD",17.1,8.1,9.8,11.8
"'228905","APPLE SPRINGS ISD",8.4,13.4,4.7,48.6
"'229901","COLMESNEIL ISD",14.5,12.9,4.3,30.8
"'229903","WOODVILLE ISD",11.5,11.6,5.2,26.9
"'229904","WARREN ISD",13.1,12.7,7.9,24.5
"'229905","SPURGER ISD",16.7,9.5,6.5,16.2
"'229906","CHESTER ISD",13.9,10,6.3,35.6
"'230901","BIG SANDY ISD",15.1,11.1,6.4,36.8
"'230902","GILMER ISD",12.4,12.9,6.9,11.9
"'230903","ORE CITY ISD",12.1,10.5,6.6,20.2
"'230904","UNION HILL ISD",10.2,8.7,6.2,27.7
"'230905","HARMONY ISD",15.4,10.9,9.3,10
"'230906","NEW DIANA ISD",12.9,12.3,5.5,15.1
"'230908","UNION GROVE ISD",17.1,10.8,7.1,24
"'231901","MCCAMEY ISD",13.5,12.8,6.9,17.8
"'231902","RANKIN ISD",13.9,7.4,5.2,2.5
"'232901","KNIPPA ISD",10.4,11.4,4.9,14.7
"'232902","SABINAL ISD",13.3,10.7,3.6,27.8
"'232903","UVALDE CISD",11.1,14,8.3,20.5
"'232904","UTOPIA ISD",16.7,10.9,6.7,15.5
"'233901","SAN FELIPE-DEL RIO CISD",12.8,16.5,11.5,15.1
"'233903","COMSTOCK ISD",13.5,12.8,7.1,20.8
"'234801","RANCH ACADEMY",17.1,15.4,6.3,19.9
"'234902","CANTON ISD",13.4,14.5,7.2,16
"'234903","EDGEWOOD ISD",14.9,12.2,8.8,9
"'234904","GRAND SALINE ISD",14.4,13.7,6.3,18.4
"'234905","MARTINS MILL ISD",16.6,12.5,9.6,18
"'234906","VAN ISD",13.7,14.8,8.2,20.6
"'234907","WILLS POINT ISD",11.4,14.1,5.6,27.1
"'234909","FRUITVALE ISD",13.2,11.6,5.1,29
"'235901","BLOOMINGTON ISD",10.1,11.9,3.3,22.2
"'235902","VICTORIA ISD",11.5,15.5,9,22
"'235904","NURSERY ISD",10.3,10.5,2.8,14.3
"'236801","RAVEN SCHOOL",15.3,7.1,8.4,27.8
"'236802","SAM HOUSTON STATE UNIVERSITY CHARTER SCHOOL",15.3,16.3,2.6,12.1
"'236901","NEW WAVERLY ISD",14.3,11.6,8.9,18.8
"'236902","HUNTSVILLE ISD",8.5,37.3,5.2,19.2
"'237902","HEMPSTEAD ISD",8.4,13.9,4.5,29.8
"'237904","WALLER ISD",10.9,16.1,6.3,13.3
"'237905","ROYAL ISD",8.1,14.8,3.7,29
"'238902","MONAHANS-WICKETT-PYOTE ISD",11.5,13.2,6.7,15.3
"'238904","GRANDFALLS-ROYALTY ISD",18,9.9,8.1,49.7
"'239901","BRENHAM ISD",11.3,12.9,7.3,21.8
"'239903","BURTON ISD",14,11,5.9,17.8
"'240801","TRIUMPH PUBLIC HIGH SCHOOLS-LAREDO",8,13.1,5.7,30.8
"'240901","LAREDO ISD",13.4,13.5,12.1,10
"'240903","UNITED ISD",14.4,15.5,12.7,7.9
"'240904","WEBB CISD",10.7,9.1,5.6,35.6
"'241901","BOLING ISD",12.9,15.4,6,23.6
"'241902","EAST BERNARD ISD",18,11.6,8.6,8
"'241903","EL CAMPO ISD",13.1,14.6,8.3,19.1
"'241904","WHARTON ISD",8.8,14.7,5,42.8
"'241906","LOUISE ISD",13.1,11.9,8.6,9.4
"'242902","SHAMROCK ISD",15.4,8.9,7.9,27.5
"'242903","WHEELER ISD",15.5,10.4,9.3,15
"'242905","KELTON ISD",9.2,8.3,5.4,7.7
"'242906","FORT ELLIOTT CISD",14.8,8.8,9,7.8
"'243901","BURKBURNETT ISD",14.2,13.7,9.5,18.2
"'243902","ELECTRA ISD",12,10,5,28.9
"'243903","IOWA PARK CISD",13,14,8.4,13
"'243905","WICHITA FALLS ISD",11.4,13,8.3,16.3
"'243906","CITY VIEW ISD",12.8,12.4,5.1,27
"'244901","HARROLD ISD",20.7,8.1,11.7,14.1
"'244903","VERNON ISD",12.2,13.5,7.5,31.4
"'244905","NORTHSIDE ISD",15.1,13.7,7.3,21.7
"'245901","LASARA ISD",12.6,10.4,7.9,19.8
"'245902","LYFORD CISD",9.4,13.6,7.2,20.3
"'245903","RAYMONDVILLE ISD",14,12.9,10.1,10.2
"'245904","SAN PERLITA ISD",9,8.7,5,15.5
"'246801","MERIDIAN WORLD SCHOOL LLC",10.2,15.9,3.9,16.5
"'246802","GOODWATER MONTESSORI SCHOOL",7.4,20.6,1,52.2
"'246902","FLORENCE ISD",11.8,13.2,4.5,24.9
"'246904","GEORGETOWN ISD",12.2,13.1,6.1,17.9
"'246905","GRANGER ISD",10,12.5,6.5,23.9
"'246906","HUTTO ISD",10.1,14.3,4.5,20.1
"'246907","JARRELL ISD",10.2,15.3,3.3,25.7
"'246908","LIBERTY HILL ISD",10.4,15.6,4.2,16.1
"'246909","ROUND ROCK ISD",11.4,13.3,7,15.9
"'246911","TAYLOR ISD",9.9,14.2,5.3,28
"'246912","THRALL ISD",15.4,13.3,7.4,23.8
"'246913","LEANDER ISD",11.9,14,6.9,16.8
"'246914","COUPLAND ISD",17.9,12.6,5.8,6.5
"'247901","FLORESVILLE ISD",12.6,16.4,8.2,14.8
"'247903","LA VERNIA ISD",13.3,15.3,6.5,13.1
"'247904","POTH ISD",14.5,12.1,7.5,16.2
"'247906","STOCKDALE ISD",15,11.3,7.4,22.6
"'248901","KERMIT ISD",11.5,14.4,4.8,35.2
"'248902","WINK-LOVING ISD",15.1,8.3,5,13.1
"'249901","ALVORD ISD",15.4,12.7,6.8,22.6
"'249902","BOYD ISD",9.6,13.2,4.7,31.5
"'249903","BRIDGEPORT ISD",10.6,13,6,21.6
"'249904","CHICO ISD",15.2,11.7,7.1,13.8
"'249905","DECATUR ISD",12.6,15.1,5.8,20.2
"'249906","PARADISE ISD",17.1,12.7,7.7,15.8
"'249908","SLIDELL ISD",13.2,12.4,5.5,5.7
"'250902","HAWKINS ISD",13.7,11.1,5.1,23.6
"'250903","MINEOLA ISD",13,11.6,5.4,16.1
"'250904","QUITMAN ISD",11.7,11.4,5,17.6
"'250905","YANTIS ISD",9.7,10.8,6.9,24.9
"'250906","ALBA-GOLDEN ISD",13.2,10.6,7.1,19
"'250907","WINNSBORO ISD",11.2,13.4,6.7,14.8
"'251901","DENVER CITY ISD",14.5,13.1,7.2,20.2
"'251902","PLAINS ISD",14.5,9.1,6.5,12.2
"'252901","GRAHAM ISD",15.2,13.9,8.8,14.4
"'252902","NEWCASTLE ISD",14.2,8.8,7.6,9.1
"'252903","OLNEY ISD",14.2,9.1,7.2,14.2
"'253901","ZAPATA COUNTY ISD",12.5,14.3,11.2,12.9
"'254901","CRYSTAL CITY ISD",12.1,15.9,10.1,19.2
"'254902","LA PRYOR ISD",15.6,9.9,4.8,23.8
